source-Date,target-Date
28 November 2011,28 November 2011
08 August 2018,08 August 2018
28 March 2006,28 March 2006
13 June 2008,13 June 2008
28 February 2016,28 February 2016
02 May 2004,02 May 2004
21 September 2013,21 September 2013
13 December 2006,13 December 2006
30 August 2013,30 August 2013
07 May 2003,07 May 2003
06 July 2006,06 July 2006
04 November 2013,04 November 2013
19 August 2003,19 August 2003
15 December 2017,15 December 2017
16 December 2020,16 December 2020
31 October 2015,31 October 2015
08 July 2003,08 July 2003
12 November 2021,12 November 2021
11 March 2006,11 March 2006
30 January 2009,30 January 2009
30 March 2022,30 March 2022
29 April 2012,29 April 2012
21 October 2011,21 October 2011
21 April 2014,21 April 2014
29 August 2008,29 August 2008
02 January 2020,02 January 2020
26 May 2005,26 May 2005
27 December 2006,27 December 2006
06 January 2011,06 January 2011
25 April 2007,25 April 2007
14 August 2006,14 August 2006
23 July 2003,23 July 2003
22 June 2020,22 June 2020
22 November 2008,22 November 2008
26 December 2020,26 December 2020
07 January 2005,07 January 2005
27 January 2006,27 January 2006
21 April 2020,21 April 2020
28 August 2012,28 August 2012
12 August 2021,12 August 2021
12 November 2018,12 November 2018
21 May 2008,21 May 2008
04 October 2016,04 October 2016
13 March 2011,13 March 2011
12 September 2022,12 September 2022
12 March 2003,12 March 2003
26 April 2019,26 April 2019
29 April 2010,29 April 2010
19 April 2020,19 April 2020
04 September 2021,04 September 2021
28 November 2003,28 November 2003
22 September 2008,22 September 2008
10 September 2020,10 September 2020
06 June 2005,06 June 2005
11 March 2008,11 March 2008
05 October 2011,05 October 2011
20 June 2012,20 June 2012
19 September 2015,19 September 2015
11 April 2017,11 April 2017
08 June 2014,08 June 2014
20 April 2019,20 April 2019
26 March 2022,26 March 2022
20 May 2012,20 May 2012
14 April 2006,14 April 2006
06 October 2018,06 October 2018
03 April 2007,03 April 2007
19 April 2013,19 April 2013
13 October 2022,13 October 2022
13 December 2004,13 December 2004
05 July 2015,05 July 2015
17 August 2014,17 August 2014
02 April 2010,02 April 2010
18 December 2014,18 December 2014
09 May 2014,09 May 2014
22 May 2017,22 May 2017
05 November 2021,05 November 2021
28 October 2008,28 October 2008
16 September 2018,16 September 2018
30 June 2018,30 June 2018
24 November 2005,24 November 2005
23 February 2004,23 February 2004
04 December 2011,04 December 2011
30 September 2021,30 September 2021
09 January 2011,09 January 2011
10 November 2009,10 November 2009
05 November 2009,05 November 2009
14 September 2009,14 September 2009
03 January 2006,03 January 2006
09 June 2009,09 June 2009
23 February 2008,23 February 2008
07 October 2005,07 October 2005
27 July 2005,27 July 2005
21 March 2009,21 March 2009
13 March 2013,13 March 2013
24 January 2011,24 January 2011
19 July 2012,19 July 2012
21 February 2009,21 February 2009
12 January 2020,12 January 2020
05 November 2003,05 November 2003
09 December 2005,09 December 2005
